molid,b_cs,b_cl,b_cw,b_bs,b_bl,b_bw,RS,CS,AS
5034,0.880597014925,296,-0.184830808094889,0.785714285714,38,-0.533572130784239,-7.99125,0.899606299,0.852631579
448008,informer,informer,informer,0.860759493671,104,-0.53018738838104,-8.35625,0.864361702,0.735849057
449054,0.618181818182,8,-0.403914169234239,0.821917808219,132,-0.53973965430659,-40.35,0.896341463,0.844444444
453216,0.828125,178,-0.245563575465789,0.910256410256,338,-0.38850245177061,-7.34875,0.945974576,0.936651584
579429,0.945945945946,348,-0.137309174431199,0.871794871795,133,-0.4681804064186,-4.6925,0.953971119,0.947565543
599038,0.861538461538,260,-0.24877318494263,0.88,301,-0.42958617964309,-4.14875,0.825870647,0.612121212
766948,0.92,347,-0.153911221486669,0.890243902439,211,-0.43286643747549,-2.335,0.943333333,0.933333333
766949,informer,informer,informer,0.865853658537,221,-0.46560422094288,-6.47,0.942825112,0.932692308
5329404,0.375,7,-0.48700830831601,0.828125,153,-0.50350682640031,-31.04125,0.950581395,0.6
5329489,0.845238095238,221,-0.26039218205146,0.811111111111,107,-0.60880822762642,-18.74625,0.962053571,0.957831325
5329801,0.714285714286,18,-0.35425956549961,0.876712328767,284,-0.452001657581059,-14.49375,0.934278351,0.921787709
5329802,0.714285714286,20,-0.41412535581694,0.891891891892,334,-0.429353577431939,-9.2,0.95260223,0.945736434
5329829,0.833333333333,190,-0.29282941316908,informer,informer,informer,informer,0.622222222,informer
5329831,0.860465116279,254,-0.262957215284979,0.772727272726999,93,-0.66049240682423,-68.70375,0.789930556,0.865384615
5329849,0.413043478261,9,-0.488774496408849,0.779411764705999,96,-0.56554744431296,-30.62375,0.93359375,0.920903955
5329850,0.5,17,-0.435976430376089,0.731343283582,32,-0.764865523861419,-33.66125,0.933937824,0.921348315
5329853,0.279069767441999,3,-0.61961797331442,0.849315068493,228,-0.51105595705074,-41.56375,0.8725,0.762711864
5329854,informer,informer,informer,0.853333333333,240,-0.52090299784564,-55.16,0.956185567,0.95035461
5329855,0.456140350877,11,-0.49547366909069,0.873563218391,142,-0.54611734209895,-50.57875,0.949604743,0.941422594
5329857,0.609375,29,-0.42053488933149,0.875,146,-0.55286712080057,-25.10875,0.892857143,0.835294118
5329860,0.564516129032,19,-0.44527309111902,0.862068965517,148,-0.57080242245892,-70.36625,0.742857143,0.791044776
5329861,0.571428571428999,21,-0.42361173451786,0.876404494382,152,-0.57875511880729,-68.9475,0.662280702,0.837209302
5329868,0.584615384615,27,-0.4284844926616,0.866666666667,121,-0.579282716861069,-62.03,0.811781609,0.920454545
5329875,0.575757575758,23,-0.449207464974739,0.869565217390999,175,-0.56599208902122,-61.4675,0.828502415,0.945525292
5482344,0.796610169492,106,-0.28185433551183,informer,informer,informer,-81.81625,informer,0.413333333
5793317,0.904109589041,324,-0.27387005124283,0.65671641791,10,-0.85955770995504,-34.30875,0.948170732,0.939655172
6518526,0.732394366197,37,-0.33615936373236,0.876404494382,206,-0.51776261155523,-70.97875,0.642156863,0.78125
6539046,0.885714285714,309,-0.25378005749938,0.666666666667,13,-0.818719397837939,-50.4225,0.954626335,0.948339483
6539047,informer,informer,informer,0.651515151515,8,-0.842471830934829,-35.10375,0.94731405,0.938325991
6539049,0.860759493671,255,-0.29085606052823,0.684210526316,14,-0.826996046286329,-41.23875,0.946875,0.937777778
6539056,0.911392405063,340,-0.22606772347497,0.628571428571,5,-0.875667376119089,informer,0.947745902,0.938864629
6539075,0.907894736842,337,-0.215943786715339,0.5,1,-1.10505623852971,-55.62125,0.949,0.940677966
6539081,0.904761904762,328,-0.221240672979319,0.56338028169,2,-0.99886945999115,informer,informer,informer
6539085,0.887640449438,315,-0.25727536044638,0.686746987952,17,-0.803136069025809,-54.78,0.94858871,0.94017094
6539086,0.913043478261,341,-0.242224938833459,0.720930232557999,29,-0.78017598303741,-47.89,0.948380567,0.939914163
6539087,0.906976744185999,336,-0.24775607970192,0.7,20,-0.794224642159109,-54.445,0.948795181,0.940425532
6539089,0.919540229885,345,-0.23676428032127,0.7,22,-0.75477854524961,-55.6325,0.955263158,0.949090909
6539093,0.893333333332999,318,-0.25682991163027,0.69014084507,19,-0.786653546415739,-29.2475,0.947959184,0.939130435
6539097,0.904109589041,326,-0.255213343531139,0.714285714286,26,-0.7399832141782,-17.22125,0.926724138,0.910828025
6539099,0.905405405405,332,-0.263412845391969,0.7,23,-0.75332529613847,-11.31875,0.926300578,0.91025641
6539107,0.883116883117,306,-0.22232747091174,informer,informer,informer,-82.69625,informer,0.939393939
6539108,0.868421052632,272,-0.28926960750047,informer,informer,informer,-85.695,informer,0.622857143
6539361,informer,informer,informer,0.303571428571,0,-1.27015399544656,-51.655,0.898,0.849462366
6539364,0.830985915493,186,-0.282351747400179,0.396551724138,6,-1.13474532784952,-40.05125,0.951520913,0.943548387
6539369,0.837837837838,195,-0.280878167368159,0.372881355932,3,-1.1717077301612,-51.6275,0.951886792,0.944223108
6539382,0.827160493827,176,-0.28924926754787,0.521126760563,27,-0.94513110134699,-14.6,0.895491803,0.842696629
6539385,0.776315789474,68,-0.343518810571729,0.507246376812,21,-0.985452168794519,-22.15875,0.952247191,0.94488189
6539390,0.79012345679,92,-0.321594143497059,0.615384615385,48,-0.83718420300028,-25.645,0.901923077,0.858585859
6539397,0.805194805195,97,-0.32606701141153,0.5,18,-0.948795706872929,-25.9725,0.904850746,0.866666667
6539409,0.8,114,-0.306833701006809,0.605263157895,36,-0.9137373675616,-68.83375,0.827205882,0.945098039
6539411,0.706666666667,14,-0.38451752828804,0.592105263158,33,-0.88260883097024,-8.06875,0.771825397,0.847826087
6539412,0.694444444444,10,-0.40242436264728,0.613333333333,42,-0.888237130909289,-17.415,0.830985915,0.949820789
6539413,0.717948717949,26,-0.37714807495041,0.641975308642,57,-0.847546441313419,-5.56375,0.904135338,0.862745098
6539414,0.710526315788999,16,-0.38556565033591,0.615384615385,51,-0.87135347163968,-44.28125,0.781481481,0.857142857
6539417,0.810126582277999,132,-0.29148572353644,0.613333333333,45,-0.86234878704859,-5.08375,0.903409091,0.861386139
6539418,0.821428571429,162,-0.27978338292432,0.620253164557,54,-0.84700155207649,-22.3325,0.768292683,0.455555556
6539422,0.83908045977,206,-0.267683311951739,0.6125,39,-0.848512529640769,-22.39375,0.824494949,0.944444444
6539424,0.788732394366,82,-0.32114464045122,0.588235294118,30,-0.85904211673484,-40.5925,0.787234043,0.86407767
6539430,0.794871794872,102,-0.328836074723449,0.666666666667,66,-0.755365854730729,-55.3075,0.728494624,0.95
6539439,0.823529411764999,166,-0.27891814915272,0.720930232557999,81,-0.70602674885936,-4.49,0.901162791,0.855670103
6539440,0.760563380282,50,-0.35545213974915,0.693333333333,72,-0.77019860508153,-57.33,0.792517007,0.867924528
6539451,0.792452830189,79,-0.27409148107059,0.84375,70,-0.516935129274329,-14.73375,0.950961538,0.942857143
6539453,0.736842105263,39,-0.345835246766459,0.845070422535,73,-0.59638408492773,-9.98,0.861413043,0.725490196
6539466,0.865671641791,271,-0.25057857805563,0.821917808219,86,-0.59488515899617,-4.54125,0.869897959,0.754385965
6539478,0.852941176471,239,-0.24432413872437,0.842105263157999,64,-0.54361067013088,-8.795,0.8671875,0.745454545
6539482,0.84375,211,-0.25722735643188,0.849315068493,77,-0.51984413062827,-8.6975,0.865789474,0.740740741
6539487,0.845070422535,217,-0.2288806879564,0.864197530864,109,-0.46764788864979,-3.60125,0.951335878,0.943319838
6539502,0.867647058824,275,-0.237955716428719,0.855263157895,91,-0.51533993177123,-3.71125,0.868556701,0.75
6539521,0.884057971014,308,-0.194197712420089,0.898734177214999,250,-0.36732787091107,-10.565,0.862903226,0.730769231
6539522,0.75,46,-0.30966977702597,0.90243902439,266,-0.41252266581864,-11.11,0.951149425,0.943089431
6539567,0.734375,42,-0.36662606813332,0.903614457830999,269,-0.47327663602348,-6.8325,0.955105634,0.948905109
6539574,0.847222222222,230,-0.26911970401559,0.892857142856999,220,-0.49036280736061,-53.44125,0.712962963,0.561538462
6539584,0.846153846154,226,-0.27785598269058,0.888888888889,259,-0.5150754666223,-19.30625,0.945043103,0.935483871
6539592,0.859154929577,253,-0.25900235680982,0.890243902439,271,-0.48932019426719,-8.035,0.842592593,0.65
6539593,informer,informer,informer,0.898734177214999,251,-0.46492292674474,-12.32,0.954464286,0.948148148
6539597,0.876712328767,288,-0.26597750825117,0.773333333332999,35,-0.6649327231079,-7.51375,0.848214286,0.674418605
6539598,0.851351351351,235,-0.288607465912529,0.8125,47,-0.62374538523789,-4.30875,0.954787234,0.948529412
6539599,0.84,201,-0.29254679580969,0.872093023256,134,-0.545826987711319,-6.95625,0.846385542,0.666666667
6539600,0.864864864864999,262,-0.274983824725,0.853658536585,88,-0.53877165187107,-12.975,0.844512195,0.658536585
6539603,0.849315068493,232,-0.27338952814249,0.906976744185999,287,-0.47326730457647,-11.77125,0.94527897,0.935779817
6539607,0.867647058824,266,-0.270555256602519,0.898734177214999,253,-0.48200070633105,-9.845,0.955729167,0.949458484
6539611,0.837837837838,202,-0.272281814228159,0.870588235294,238,-0.524377466413829,-6.3325,0.954946996,0.948717949
6539617,0.87323943662,284,-0.28109667974435,0.714285714286,28,-0.79626441434654,-56.86875,0.851744186,0.688888889
6539620,0.838235294118,197,-0.301290265442669,0.728571428571,31,-0.803716117922249,-34.24125,0.85,0.681818182
6539751,0.791044776119,73,-0.28597586333939,0.890243902439,319,-0.452968341251519,-26.3025,0.894628099,0.840909091
6603857,0.805194805195,99,-0.272317813348429,0.813953488372,114,-0.5932757482641,-12.03125,0.950195313,0.94214876
9604911,0.8,89,-0.30553576944002,0.837209302326,192,-0.502710895506589,-71.9075,0.717261905,informer
9604912,0.732394366197,40,-0.366045085214329,0.863636363636,260,-0.49491437776004,-72.23125,0.697916667,0.924731183
9604915,0.813333333333,125,-0.29964859262812,0.862068965517,273,-0.46282004835949,-42.67875,0.93494898,0.922651934
9604922,0.805194805195,101,-0.30152684612994,0.840909090909,210,-0.541772431545059,-34.4875,0.963362069,0.959770115
9604926,0.841463414634,207,-0.231940329402,0.833333333333,168,-0.51672336239661,-63.13875,0.737745098,0.959654179
9604940,0.791666666667,77,-0.312651812191849,0.831325301205,159,-0.53860336970404,-9.1925,0.950389105,0.942386831
9604943,0.8,91,-0.31336341136777,0.850574712644,234,-0.5445012750881,-30.1475,0.963150289,0.959302326
9604948,0.810126582277999,119,-0.28828417963019,0.857142857143,95,-0.577806106246899,-64.5875,0.840625,0.959537572
9604958,0.797297297296999,85,-0.30942587580945,0.835294117646999,177,-0.50737316389596,-18.725,0.95,0.941908714
9604970,0.815789473683999,140,-0.28678900906593,0.863636363636,279,-0.420994588474799,-3.61,0.956034483,0.950177936
9800117,0.828947368420999,182,-0.25893729260906,0.848837209301999,225,-0.51017116800259,-11.7275,0.949203187,0.94092827
9822610,0.676923076923,33,-0.41310451285826,informer,informer,informer,-87.56,0.833333333,0.95379538
9826308,informer,informer,informer,0.907216494845,290,-0.470551566292349,-64.18,0.961246201,0.956790123
9827373,0.786666666667,69,-0.325881866643449,0.83908045977,59,-0.561841003653139,-13.73875,0.873762376,0.766666667
9857146,0.803278688525,124,-0.279660192481099,0.863013698629999,276,-0.43251705782409,-7.91125,0.834459459,0.636842105
9858084,0.261904761905,0,-0.65327302274169,0.847222222222,158,-0.53550898581354,-13.7225,0.953296703,0.946768061
9858662,0.882352941175999,300,-0.22414939190157,0.634920634921,7,-0.854358941647709,-47.7,0.886160714,0.808219178
9873849,0.82,153,-0.27329392050169,0.857142857143,97,-0.597691143314109,-4.85625,0.953467153,0.946969697
9885504,0.845070422535,224,-0.24553041248145,0.891566265059999,322,-0.428569454216789,-3.52875,0.858333333,0.714285714
9890357,0.802469135802,120,-0.31321861274373,0.86170212766,270,-0.52012308421055,-6.46,0.82010582,0.586206897
9901444,0.871428571429,281,-0.243393210087999,0.587301587302,4,-1.0157147680039,-32.355,0.887168142,0.810810811
9901964,informer,informer,informer,0.837837837838,185,-0.542939317683059,-31.76625,0.934615385,0.922222222
9910722,informer,informer,informer,0.858823529412,264,-0.465645706243639,-5.89,0.94665272,0.9375
9917474,0.782608695652,63,-0.29075475672422,0.859813084112,98,-0.531744379079899,-5.4775,0.938405797,0.518181818
9922527,0.724137931034,28,-0.33066939681865,0.849315068493,112,-0.52363720812186,-5.75375,0.89375,0.83908046
9926067,0.867647058824,268,-0.234444570388449,0.701492537313,25,-0.81724171259414,-65.22625,0.885135135,0.805555556
9927432,0.857142857143,250,-0.322747596247399,0.831168831169,58,-0.58605394883514,informer,0.703333333,informer
9944269,0.891891891892,316,-0.212614670039579,0.685714285714,16,-0.815495194941239,-45.35375,0.884090909,0.802816901
9947709,0.8,116,-0.267817039438529,0.853658536585,224,-0.51229508633845,-2.025,0.928370787,0.913043478
9951300,0.69696969697,12,-0.356527776561599,0.843373493975999,219,-0.49655241266857,-7.32625,0.946202532,0.936936937
10113568,0.878048780488,289,-0.23599294676545,0.879120879121,163,-0.532038037132368,-82.3575,0.944565217,0.934579439
10125875,0.842857142857,218,-0.25026809289066,0.483333333333,15,-0.95918633800198,-11.29125,0.960889571,0.956386293
10133732,0.820512820513,154,-0.257476331282619,0.725,84,-0.70288510570265,-12.15125,0.902671756,0.86
10158653,0.763888888889,56,-0.33031113851764,0.9,307,-0.434713027406379,-10.0975,0.947095436,0.938053097
10160775,0.820512820513,156,-0.28451651928736,0.85393258427,164,-0.55051756550221,-72.79875,0.944323144,0.9342722999999999
10171618,0.833333333333,188,-0.2437207897057,0.676056338028,69,-0.75204071698669,-6.99125,0.962609971,0.958702065
10173796,0.845238095238,219,-0.27498011210869,informer,informer,informer,-73.01375,informer,informer
10193464,0.871794871795,280,-0.219210698639409,0.657534246575,63,-0.73469925516439,-47.1925,0.960031348,0.955414013
10193482,0.857142857143,246,-0.246528718054749,0.515151515152,24,-0.94756886579952,-3.9875,0.962719298,0.958823529
10200651,0.844155844156,213,-0.261741019062989,0.746835443038,90,-0.60251584761577,-9.72875,0.947530864,0.938596491
10215776,0.826666666667,170,-0.277291282206429,0.444444444444,9,-1.09160477937481,-50.71875,0.900390625,0.854166667
10236195,0.869565217390999,274,-0.24446880080874,0.9,310,-0.441507753469809,-6.1175,0.955882353,0.949640288
10272700,0.827160493827,174,-0.27407044420359,0.806818181817999,108,-0.66471970865838,-17.035,0.929166667,0.914110429
10286242,0.840579710145,210,-0.247389202085529,0.448275862069,12,-1.01414155364078,-4.39625,0.956335616,0.950530035
10294883,0.4,4,-0.54423040318548,0.819277108434,129,-0.54020760136018,-46.15125,0.938106796,0.927083333
10295475,0.868421052632,270,-0.24803291192018,0.909090909091,295,-0.39600945937338,-4.515,0.954301075,0.94795539
10308522,0.837837837838,198,-0.26909626465756,informer,informer,informer,-55.64125,informer,0.955271565
10321190,0.782051282051,72,-0.32259569525689,0.870967741934999,306,-0.45905543136061,-8.2025,0.832175926,0.632432432
10469531,0.830985915493,184,-0.27344495684972,0.892857142856999,218,-0.48827293805188,-6.32,0.96015625,0.955555556
10475737,0.788732394366,80,-0.30414195217552,0.857142857143,236,-0.521534183077289,-2.915,0.963571429,0.96
11155941,0.578125,25,-0.437783105938639,0.797619047618999,99,-0.58182733460078,-12.57125,0.838675214,0.958208955
11163861,0.727272727273,30,-0.399646040671169,informer,informer,informer,-62.8025,informer,0.9437751
11231939,0.369565217391,5,-0.53444501300561,0.881578947368,330,-0.45498780928639,-34.96625,0.890086207,0.818181818
11233873,0.8875,311,-0.22332434039559,0.848837209301999,76,-0.61982740326255,-14.7425,0.829761905,0.617647059
11244488,0.266666666667,1,-0.5994024289957,0.842105263157999,213,-0.55611032731991,-54.0575,0.888157895,0.813333333
11247002,0.888888888889,317,-0.21121136149977,0.850574712644,80,-0.561112371183139,-9.21875,0.721264368,0.425
11269477,0.865853658537,264,-0.245900669904209,0.855555555556,92,-0.563973559477219,-23.495,0.630208333,0.435294118
11273032,0.854368932039,241,-0.24400695628868,0.867256637168,154,-0.553149321272009,-8.32,0.961596386,0.957317073
11281930,0.826666666667,172,-0.288682182542569,0.79012345679,43,-0.63535409451453,informer,0.944078947,0.933962264
11284937,0.881818181818,299,-0.21579030492329,0.863247863248,176,-0.54323967142198,-7.52125,0.960526316,0.956112853
11290221,0.761904761905,52,-0.31721635441992,0.857142857143,131,-0.539803581242709,-39.40375,0.951704545,0.944
11307581,0.877358490566,285,-0.232372317475769,0.868421052632,124,-0.56532271722114,-3.87875,0.960769231,0.95625
11328632,0.626865671642,31,-0.39030541440593,0.8,102,-0.59559745634952,informer,0.839662447,0.958333333
11392350,0.5,15,-0.42041651480752,0.646153846154,60,-0.722583351334239,-23.57875,0.889130435,0.815789474
11453116,0.894117647059,320,-0.2177714255938,0.869565217390999,125,-0.51559947595447,-17.7525,0.813559322,0.530434783
11473228,0.791044776119,96,-0.305469305482829,0.833333333333,162,-0.50522462330614,-25.92375,0.952425373,0.9453125
11502866,0.807692307692,109,-0.2530341918722,0.816091954023,117,-0.533625999988619,-8.26375,0.95295203,0.946360153
11569498,0.877777777777999,287,-0.24334944629188,0.84375,68,-0.6007205076711,-14.66875,0.959651899,0.95483871
11604319,0.410714285714,6,-0.54208261089405,0.835294117646999,174,-0.51608668004883,-40.5525,0.935279188,0.923076923
11605761,0.820224719101,155,-0.245630188647569,0.838383838384,198,-0.538398731916089,-6.20625,0.9375,0.926315789
11617559,0.787878787879,78,-0.31607001314054,0.90243902439,311,-0.408749447906749,-8.07,0.945512821,0.936073059
11626927,0.827160493827,173,-0.27694579713997,0.858695652174,182,-0.51344138015112,informer,informer,0.945945946
11627264,0.833333333333,185,-0.24500751110143,0.838383838384,201,-0.535688509518919,-5.40875,0.935606061,0.923497268
11640889,0.83908045977,199,-0.2590553845311,0.81914893617,126,-0.550661133767139,-8.30125,0.953125,0.946564885
11656050,0.816091954023,135,-0.249959291597409,0.810526315788999,111,-0.5726689865567,-8.47,0.935929648,0.923913043
11669455,0.829268292683,181,-0.23200806998832,0.835164835165,171,-0.53004756063385,-4.74,0.93625,0.924324324
11680113,0.878787878788,290,-0.229822526178129,0.864864864864999,288,-0.43994926143378,-6.64125,0.775193798,0.473684211
11717091,0.288888888889,2,-0.63290393547666,0.855263157895,190,-0.488212733109949,-16.395,0.937192118,0.925925926
11751266,0.896551724138,327,-0.1998879249701,0.872340425532,136,-0.516441859118159,informer,0.725,0.25
11957417,0.827160493827,175,-0.290917596736269,0.894736842105,226,-0.477088667355369,-73.29875,0.815277778,0.930348259
11959377,0.908045977011,338,-0.159626555786409,0.917525773196,349,-0.309141647976589,-10.37375,0.547619048,0.288888889
11959682,0.850574712644,227,-0.244039488105629,0.888888888889,333,-0.376755591205559,-37.82875,0.416666667,0.2
11959683,0.850574712644,229,-0.244039488105629,0.888888888889,336,-0.376755591205559,-47.7275,0.458333333,0.2
15872388,0.767123287671,58,-0.357964818739475,0.837209302326,186,-0.49108608485644,-5.48125,0.821614583,0.593333333
15872391,0.794871794872,100,-0.303980434347459,0.804597701149,105,-0.531020366370599,-5.95125,0.855113636,0.70212766
15872400,0.756756756756999,48,-0.361741173412048,0.840909090909,207,-0.481061240794849,-5.73625,0.853448276,0.695652174
15872403,0.79012345679,88,-0.3194472702193,0.851063829787,237,-0.46756021647197,-10.1275,0.816939891,0.57037037
15872404,0.776315789474,64,-0.339851705447689,0.816091954023,120,-0.526274054382139,-9.365,0.856741573,0.708333333
15872406,0.743243243243,44,-0.3959037835139,0.855555555556,249,-0.50445002034301,-8.5675,0.95541958,0.949275362
15872407,0.79012345679,90,-0.32230701925941,0.826086956522,147,-0.503132801783999,-7.0825,0.94980315,0.941666667
15872408,0.776315789474,66,-0.33303369943128,0.855555555556,252,-0.46426522671704,-8.50375,0.877403846,0.777777778
15872409,0.7875,76,-0.32410690497355,0.873684210526,143,-0.53983142136164,-4.29125,0.955574913,0.627777778
16048194,0.820895522388,159,-0.293990519542349,0.844155844156,71,-0.54683987842827,-7.61,0.941513761,0.931034483
16048303,informer,informer,informer,0.88,169,-0.50888313308818,-11.59125,0.942307692,0.932038835
16048415,0.819672131148,152,-0.306144142191979,0.891891891892,217,-0.467812745028039,-33.35125,0.941780822,0.931372549
16051023,0.849462365591,234,-0.25521620862215,0.885714285714,193,-0.48484782752223,-42.7925,0.760683761,0.827160494
16099859,0.851063829787,233,-0.25662863513166,0.843137254902,216,-0.518249203744399,-4.5625,0.597222222,0.2
16219401,0.791044776119,98,-0.30440928842887,0.786666666667,40,-0.719463825567699,-57.66125,0.85989011,0.72
16236469,0.950617283951,349,-0.0882230664409699,0.920454545454999,332,-0.32563463295958,-7.2075,0.906934307,0.871559633
16664858,0.894117647059,325,-0.18806871539463,0.844444444444,222,-0.521841035044969,-6.54375,0.942567568,0.93236715
17892742,0.789473684211,84,-0.36398219913286,0.740740740741,87,-0.728611193032979,-21.73125,0.823076923,0.60625
18536613,0.779220779221,70,-0.32581319235109,0.869565217390999,297,-0.44700879130815,-7.5075,0.949404762,0.941176471
18536627,0.789473684211,86,-0.320195130649047,0.866666666667,294,-0.448780887872059,-2.88,0.818548387,0.578571429
21701565,0.75,45,-0.33478351009109,0.860759493671,103,-0.571485448153379,-82.285,0.913265306,0.883333333
21951965,0.808510638298,113,-0.28363111509832,0.87037037037,127,-0.546887878216279,-4.005,0.938701923,0.92746114
22464113,0.802816901408,122,-0.30369814330793,0.869047619048,293,-0.515648713794129,-19.57625,0.963467049,0.959885387
22464120,0.814285714285999,136,-0.290794915428059,0.865853658537,277,-0.510100150028379,-20.755,0.78442029,0.504761905
22609796,0.760563380282,47,-0.36696715188733,0.860465116279,101,-0.55047514996523,-2.1125,0.938995215,0.927835052
22727427,0.802631578947,93,-0.299383643579559,0.83908045977,85,-0.607308120074679,-16.95,0.962936047,0.959064327
23646936,0.868421052632,277,-0.23771655703181,0.870588235294,130,-0.542673912304139,-79.955,0.953804348,0.947368421
23646938,0.857142857143,247,-0.255337400472129,0.847058823529,140,-0.56820542007926,-88.9325,informer,informer
24180608,0.728571428571,32,-0.332654182756909,0.9,342,-0.356266490493799,-16.22875,0.943584071,0.933649289
24856364,0.833333333333,187,-0.28979382278357,0.875,196,-0.52119838611162,-8.8125,0.958059211,0.952861953
24896610,0.842105263157999,209,-0.29295283850131,0.710526315788999,74,-0.83848788778125,-76.1775,0.708333333,0.934883721
24949545,0.819277108434,145,-0.30743226227523,0.744186046511999,53,-0.82289463486853,-58.9325,0.764583333,0.833333333
25023715,0.915662650602,342,-0.185017605500079,0.913043478261,308,-0.372655729703819,informer,0.602564103,informer
25093474,0.814285714285999,127,-0.28794956230572,0.892857142856999,325,-0.42333245075263,-9.13625,0.944805195,0.935185185
25190921,0.883116883117,302,-0.22987374063687,0.843373493975999,65,-0.55802917934578,-4.225,0.94124424,0.930693069
25190924,0.771929824561,60,-0.35903769468182,0.918918918919,328,-0.43682009370802,-9.10125,0.942045455,0.931707317
25190926,0.840579710145,203,-0.298643910270629,0.815789473683999,49,-0.56263665762616,-6.60125,0.946428571,0.937219731
25210971,0.81914893617,143,-0.271022168417869,0.869158878505,208,-0.70638724522306,-9.7275,0.956632653,0.950877193
25210972,0.835051546392,191,-0.25803058806476,0.891891891892,262,-0.63831432761063,-38.36,0.957070707,0.951557093
25211574,0.808988764045,115,-0.299362859188539,0.884615384615,313,-0.649992729189629,informer,0.960648148,informer
25218571,0.814432989691,129,-0.28067276660567,0.873873873874,318,-0.719264188141029,-9.40375,0.961711712,0.957446809
25218573,0.811111111111,123,-0.29059709750303,0.885714285714,283,-0.65274456675779,-2.35,0.95735786,0.951890034
25218584,0.82,151,-0.28665178354658,0.877192982456,281,-0.68872498091881,informer,0.960280374,0.955835962
25218593,0.826086956522,171,-0.289237825810079,0.87619047619,324,-0.66130490177223,informer,0.961009174,0.956521739
25218600,0.821052631579,161,-0.275288554025509,informer,informer,informer,-27.2125,informer,informer
25218601,0.815217391304,133,-0.28479838533567,informer,informer,informer,-35.9025,informer,informer
25218614,informer,informer,informer,informer,informer,informer,-18.48,informer,0.951388889
25218621,0.810526315788999,121,-0.29795984514908,0.901785714286,345,-0.643498914502539,-8.3175,0.956484642,0.950704225
25263078,0.818181818182,148,-0.30571109387319,0.865168539326,263,-0.50762760062791,-6.64125,0.961363636,0.957055215
25263083,0.871794871795,282,-0.246840379732889,0.886363636364,194,-0.48271485297168,-11.64,0.962166172,0.957957958
25263087,0.883720930233,301,-0.23097773588578,0.895833333333,230,-0.447393019333269,-4.725,0.958870968,0.953947368
25263088,0.870588235294,276,-0.241878125280689,0.872340425532,137,-0.495930936475119,-7.1025,0.959134615,0.954248366
25263092,0.822784810127,165,-0.302386527587079,0.904255319149,272,-0.461026672450899,-66.6225,0.836622807,0.956656347
25263099,0.802631578947,95,-0.320083748822859,0.89010989011,209,-0.500518165331259,-31.61875,0.957781457,0.952380952
25263103,0.820512820513,157,-0.287230100155389,0.891304347826,214,-0.4889276328375,-57.0125,0.959003215,0.954098361
25263110,0.814814814815,131,-0.30179843380652,0.884210526316,289,-0.486859743779129,-54.54125,0.957641196,0.95221843
25263114,0.810126582277999,117,-0.30342031789402,0.905263157895,314,-0.437706915051599,-14.65,0.9575,0.952054795
25263115,0.819277108434,147,-0.29572875847769,0.897959183673,296,-0.46363741785635,-27.4025,0.962278107,0.958083832
25263116,0.833333333333,189,-0.28783828938371,0.909090909091,331,-0.429373171705409,-25.13375,0.959265176,0.954397394
25263117,0.827160493827,177,-0.290917596736269,0.894736842105,227,-0.477088667355369,-65.54625,0.962389381,0.958456973
25263118,0.8,110,-0.309449830688909,0.884210526316,188,-0.487271745514179,-15.6225,0.95990566,0.955128205
25263119,0.807228915663,128,-0.30896313943813,0.887755102040999,202,-0.4887773365366,-20.1775,0.9625,0.958579882
25263120,0.844444444444,222,-0.26069169692517,0.882352941175999,178,-0.47375852389845,-31.59375,0.747685185,0.820512821
25263123,0.855670103093,244,-0.259530973611939,0.9,254,-0.484226218649809,-43.405,0.752252252,0.82278481
25263124,0.851063829787,238,-0.25875471874009,0.897196261682,241,-0.481755068772259,-45.30125,0.756578947,0.825
25263274,0.854368932039,243,-0.24400695628868,0.867256637168,155,-0.553149321272009,-4.21875,0.957214765,0.951724138
42618163,0.788732394366,71,-0.34390046251542,0.843373493975999,67,-0.59715247527434,-12.58,0.959394904,0.954545455
42618164,0.782608695652,74,-0.34227075612559,0.794871794872,44,-0.671829452990159,-8.31875,0.95952381,0.954692557
44329036,0.820512820513,158,-0.30484963774021,0.827586206897,150,-0.62714816468353,-10.51375,0.950772201,0.942622951
44386338,0.880597014925,294,-0.225233119547709,0.851351351351,82,-0.466181964959509,-59.12,0.871212121,0.75862069
44396990,0.840579710145,212,-0.244425436173579,0.860759493671,267,-0.43050148227402,-15.745,0.778409091,0.49
44397010,informer,informer,informer,0.87012987013,303,-0.411972850256159,informer,0.897177419,0.846153846
44397032,0.905405405405,330,-0.192726663747839,0.876543209877,316,-0.42799805989477,-20.70625,0.574074074,0.384615385
44397147,0.855072463768,242,-0.228843001071359,0.873417721518999,312,-0.40897081948688,-10.3575,0.952067669,0.944664032
44397201,0.847222222222,228,-0.230671924155829,0.879518072289,327,-0.418331870748529,-6.68125,0.898809524,0.85106383
44397250,0.901408450704,322,-0.20123982767873,0.871794871795,309,-0.431160045589789,informer,0.613095238,0.345454545
44397453,0.906666666667,334,-0.178428280955769,0.864197530864,282,-0.405130594734739,informer,0.5625,0.366666667
44397710,0.88,291,-0.216438081603979,0.880952380952,286,-0.43762833534317,-7.04625,0.933246073,0.92
44410704,0.818181818182,139,-0.254597347579559,0.836734693877999,180,-0.55341594872347,-10.3975,0.937804878,0.926701571
44418532,0.846153846154,223,-0.244292785856669,0.910256410256,302,-0.36467787227938,-31.3625,0.940697674,0.929648241
44418533,0.897058823529,329,-0.190980604906029,0.924050632911,337,-0.3047916490931,-9.57125,0.940972222,0.93
44418539,informer,informer,informer,0.866666666667,235,-0.460659706492119,-24.12125,0.93957346,0.928571429
44418540,0.893939393939,323,-0.20079100768823,0.907894736842,292,-0.368655596422229,-30.475,0.939285714,0.928205128
44418545,0.884057971014,307,-0.202272017305699,0.925925925926,340,-0.31794081275023,-32.83375,0.952777778,0.946153846
44418546,0.867647058824,273,-0.218450110561739,0.87012987013,247,-0.4634372456704,-5.09625,0.953636364,0.947169811
44418547,0.865671641791,269,-0.225283383444749,0.868421052632,242,-0.4545621534218,-19.98125,0.945744681,0.936363636
44418555,0.848484848484999,225,-0.258871359263179,0.883116883117,244,-0.43611294924547,-12.69375,0.940140845,0.92893401
44418556,0.850746268657,231,-0.251719434231389,0.884615384615,248,-0.42924433776451,-14.5675,0.940420561,0.929292929
44418572,0.857142857143,249,-0.224018690299739,0.90243902439,265,-0.37632443129062,-28.7625,0.939858491,0.541666667
44431824,0.909090909091,339,-0.161933208792429,0.880952380952,173,-0.459480326175439,-5.98625,0.943080357,0.933014354
44433171,0.731343283582,36,-0.3323903575442,0.908045977011,347,-0.352248393778529,-5.3775,0.954136691,0.947761194
44433173,0.728571428571,34,-0.342153765956069,0.9,256,-0.428630424447139,-20.74125,0.943832599,0.552
44532204,informer,informer,informer,0.853658536585,223,-0.500859994771719,-87.22,0.734848485,informer
44532523,informer,informer,informer,0.865384615385,113,-0.506283614899679,-7.5275,0.962827988,0.958944282
44536036,0.880952380952,297,-0.237097134896659,informer,informer,informer,-86.785,informer,0.641025641
44571414,0.824742268041,169,-0.25922808699675,0.872727272727,139,-0.52431681390716,-8.67375,0.957920792,0.952542373
44571435,0.807228915663,107,-0.25594931800987,0.840425531914999,204,-0.53410051720135,-8.8,0.837662338,0.956923077
44571449,0.827956989247,179,-0.243269822933729,0.877358490566,157,-0.54439605523632,-15.13875,0.731770833,0.952702703
44571453,0.831325301205,183,-0.22812934704145,0.86170212766,191,-0.52117978734497,-4.19875,0.960403727,0.955974843
44578253,0.861111111111,257,-0.25331964100784,0.917647058824,320,-0.400968051771049,-10.6075,0.958469055,0.953333333
44578254,0.87323943662,283,-0.238419768612579,0.928571428571,346,-0.36123315516453,-0.80875,0.958603896,0.953488372
44578255,0.859154929577,252,-0.255940551929249,0.916666666667,317,-0.397611160893819,-3.94125,0.961826347,0.957575758
44578401,0.863013698629999,261,-0.24477773943619,0.905882352941,278,-0.415681997398529,-5.8275,0.961940299,0.957703927
44578425,0.863013698629999,263,-0.24473654468382,0.905882352941,280,-0.409352647731699,-10.98625,0.961480363,0.957186544
44578563,0.852941176471,237,-0.25052223053183,0.913580246914,343,-0.367233314248919,-7.66875,0.958737864,0.953642384
44578672,0.841463414634,214,-0.283679746077109,0.870967741934999,184,-0.54078347484298,-10.69,0.958196721,0.953020134
44581222,0.806818181817999,103,-0.28610906604175,0.85,231,-0.61433298049744,-3.94,0.956779661,0.951048951
44581245,0.781609195401999,61,-0.33295538489831,0.873786407767,315,-0.657085655718819,-7.55875,0.961128049,informer
44581765,0.776470588235,53,-0.362179675067719,0.836734693877999,183,-0.67805058690997,-8.405,0.956925676,0.951219512
44587530,0.790697674419,94,-0.33792165838168,0.824742268041,141,-0.57494147539575,-4.21,0.835555556,0.955696203
44589696,0.794520547944999,83,-0.27135470293046,0.833333333333,165,-0.51152022875891,-6.33125,0.95977918,0.954983923
44593640,0.857142857143,251,-0.253021047904469,0.898876404494,305,-0.437898302090719,-9.02625,0.958333333,0.953177258
53239955,0.861111111111,258,-0.238529212361649,0.789473684211,41,-0.57888526326496,-16.8575,0.881944444,0.797101449
53239967,0.883116883117,304,-0.22232747091174,informer,informer,informer,-86.08375,informer,informer
53239978,0.884615384615,310,-0.19576401501064,0.817073170732,50,-0.52955075915722,-35.76875,0.879716981,0.787878788
53239984,0.816091954023,142,-0.31407854103935,0.87,300,-0.501576308742279,-1.7475,0.876213592,0.774193548
53239985,0.809523809523999,130,-0.31856548094962,0.865979381443,291,-0.51626841996092,-3.68125,0.875,0.770491803
53239988,0.8,87,-0.30240123014895,0.830188679245,156,-0.699236255569959,-13.685,0.905555556,0.869158879
56603966,0.901960784314,335,-0.18150924251009,0.910714285714,304,-0.426695783460179,-33.83125,0.516666667,0.2
56603973,0.864077669903,267,-0.23037060116947,0.87610619469,151,-0.52502987338899,-3.93125,0.931081081,0.916666667
56603975,0.823529411764999,167,-0.26121885791239,0.888888888889,203,-0.51754293660339,-9.04,0.923652695,0.906666667
56603980,0.857142857143,248,-0.266392659305769,0.895833333333,232,-0.51046928009841,-12.82875,0.909574468,0.876106195
56603987,0.825581395349,168,-0.271595938943539,0.831578947368,160,-0.60847679103371,-10.09625,0.929558011,0.914634146
56603995,0.90099009901,333,-0.18327753386001,0.90990990991,329,-0.409730708252949,-32.955,0.5,0.228571429
56603997,0.802469135802,118,-0.30983205931223,0.873684210526,239,-0.50274441615549,-5.2,0.927966102,0.9125
56604000,0.83908045977,204,-0.257026288390919,0.831578947368,161,-0.60259298441072,-9.1875,0.92877095,0.913580247
56604005,0.891304347826,321,-0.18977180372836,0.923076923077,335,-0.36898907673258,-9.72125,0.652777778,0.32
56604006,0.743243243243,43,-0.32644600461356,0.880434782609,170,-0.527373860973319,-28.9375,0.878571429,0.784615385
56604013,0.9,331,-0.18517509427832,0.909090909091,298,-0.41794166078711,-27.3525,0.472222222,informer
56604020,0.768115942029,49,-0.320366489734479,0.827160493827,56,-0.60053098241908,-69.47625,0.963256484,0.95942029
56604024,0.816091954023,144,-0.31813453304198,0.858585858586,261,-0.48953847966834,-6.5125,0.927556818,0.911949686
56604030,0.852272727273,240,-0.254399033406639,0.855670103093,94,-0.557820834327949,-46.31625,0.801886792,0.88976378
56604034,0.887755102040999,314,-0.20778592358441,informer,informer,informer,-70.90625,informer,informer
56604044,0.780821917808,59,-0.290165684125319,0.875,200,-0.521754096041859,-57.79875,0.963043478,0.959183673
56604049,0.890756302521,319,-0.204195568950969,0.864,212,-0.53774701364587,-8.34875,0.931451613,0.917159763
56657596,0.8,112,-0.28708581126665,0.907216494845,348,-0.317669973868239,-4.755,0.891949153,0.831325301
56667992,0.84,208,-0.26348711303653,0.802469135802,46,-0.60630521763674,-9.88375,0.880841121,0.794117647
56667993,0.797297297296999,108,-0.26478522727692,0.875,321,-0.40989587741362,-7.81375,0.891025641,0.829268293
56681565,0.828947368420999,180,-0.24981580945223,0.7625,34,-0.6354169174471,-6.55875,0.883027523,0.8
57390087,0.842696629212999,216,-0.28780158842071,0.822916666667,52,-0.614000258960249,-15.25875,0.912068966,0.881355932
57391091,0.869565217390999,279,-0.23179639349176,0.824742268041,144,-0.60270545790734,-67.66375,0.799679487,0.887096774
57391092,0.878787878788,292,-0.239051993804799,0.87962962963,167,-0.54963923913836,-65.15375,0.917207792,0.895522388
57391093,0.821052631579,163,-0.292807367100859,0.87037037037,128,-0.5102106501215,-9.70875,0.922256098,0.904761905
57391094,0.772727272726999,51,-0.31890708479836,0.854368932039,89,-0.526182887471639,-8.11875,0.924556213,0.907894737
57391095,0.791666666667,75,-0.29181820233485,0.864864864864999,110,-0.53479432869214,-10.3,0.925872093,0.909677419
57391096,0.816091954023,146,-0.311697960687979,informer,informer,informer,informer,informer,informer
57391097,0.862385321101,259,-0.23359633216798,0.834782608696,145,-0.57491506957357,-5.44875,0.930706522,0.916167665
57391875,0.887640449438,313,-0.20985800632096,0.898989898989999,339,-0.36081023797436,-24.1125,0.583333333,0.4
57392873,0.835616438356,196,-0.305580618784769,0.716216216216,78,-0.804983568145549,-80.67625,0.685606061,0.901408451
57393604,0.840579710145,205,-0.309971708097259,0.783783783783999,37,-0.75122125111829,-35.37375,0.910211268,0.877192982
57394599,0.820512820513,160,-0.29906624559566,0.85393258427,166,-0.53878131945038,-64.205,0.91442953,0.888888889
57394600,0.716417910448,24,-0.351100500322619,0.857142857143,258,-0.436690760365219,-4.4825,0.919303797,0.898550725
57394601,0.793103448276,81,-0.32359800594233,0.861386138613999,106,-0.51386540687511,-8.4375,0.921779141,0.904109589
57394602,0.777777777778,57,-0.31617910436118,0.867924528302,122,-0.525921747789519,-3.96625,0.923192771,0.906040268
57395310,0.795180722891999,104,-0.32937681692224,0.842105263157999,116,-0.65317475904658,-76.395,0.670833333,0.884297521
57395317,0.8125,134,-0.30281573906385,0.851851851852,83,-0.570763672880479,-9.75625,0.912671233,0.882352941
57396350,0.870967741934999,278,-0.24367650539128,0.883495145631,275,-0.45775156101779,-75.0675,0.804012346,0.892307692
57396351,0.835443037975,194,-0.28085778422615,0.85393258427,215,-0.51641998970936,-70.6475,0.916118421,0.893939394
57396352,0.805555555556,126,-0.32937208870641,0.857142857143,187,-0.534852798555499,-38.1425,0.916666667,0.894736842
57396353,0.835164835165,193,-0.26479214196386,informer,informer,informer,-74.95,0.692028986,0.902777778
57398144,0.819277108434,149,-0.29822749980395,0.758620689655,55,-0.79802127614329,-80.60875,0.678571429,0.885245902
57398145,0.880434782609,293,-0.222413623572129,0.822916666667,138,-0.62667898073856,-76.8,0.797385621,0.886178862
57398146,0.855769230769,245,-0.25257877369088,0.837837837838,195,-0.52148772078243,-7.11875,0.590909091,0.2
57398147,0.875,286,-0.25436742356284,0.840425531914999,62,-0.57651022694414,-2.98125,0.915562914,0.891472868
57398148,0.72602739726,35,-0.34464193665235,0.816091954023,123,-0.619190784450019,-24.95125,0.808035714,0.90070922
57398149,0.842857142857,220,-0.28895821537843,0.7,75,-0.81589295870238,-46.15125,0.920807453,0.902097902
57398150,0.933333333333,346,-0.15865744190673,0.918367346939,323,-0.36262136850519,-8.015,0.527777778,0.2
57398151,0.776470588235,55,-0.338980468349229,0.86,100,-0.5173604808623,-7.67375,0.921296296,0.903448276
57398152,0.806818181817999,105,-0.32913901821255,0.85,79,-0.54208086231884,-6.52875,0.922727273,0.905405405
57398153,0.818181818182,141,-0.272168177982679,0.866071428571,119,-0.54039438768338,-7.69,0.925438596,0.909090909
57398154,0.742424242424,41,-0.394341734049459,0.865853658537,115,-0.55722768867302,-6.7825,0.931818182,0.917647059
57398861,0.883720930233,303,-0.242287668975639,0.884210526316,233,-0.54669670970513,-2.6175,0.908928571,0.875
57398866,0.731343283582,38,-0.35459531658573,0.882352941175999,179,-0.45724331180424,-9.32625,0.911458333,0.88034188
57398867,0.837837837838,200,-0.26203137605405,0.896551724138,299,-0.39363635895546,-3.6325,0.910839161,0.879310345
57399798,informer,informer,informer,0.855670103093,255,-0.5104020743957,-54.17875,0.915,0.890625
57399799,0.822784810127,164,-0.298817102805039,0.855555555556,172,-0.544916520886579,-21.59625,0.917741935,0.896296296
57399800,0.786516853933,65,-0.29694789125563,0.88679245283,197,-0.50273364911161,-4.67375,0.924107143,0.907284768
57399801,0.917647058824,343,-0.218898012817519,0.657894736842,11,-0.84284967694963,-54.10875,0.927142857,0.911392405
57399802,0.819444444444,150,-0.28876527186953,0.855421686747,246,-0.496714144982459,-14.915,0.930327869,0.915662651
57399803,0.814285714285999,138,-0.2521948014963,0.879518072289,326,-0.392264735850259,-42.8975,0.80994152,0.918128655
57399804,0.774193548386999,62,-0.32141170755673,0.853333333333,243,-0.39298050177977,-35.2275,0.932180851,0.918604651
57399805,0.7625,54,-0.28860856515736,0.864583333333,285,-0.391393108153059,-9.85,0.932539683,0.919075145
57400541,0.844155844156,215,-0.26496253535838,0.862068965517,257,-0.527056034362309,-3.3375,0.907608696,0.872727273
57400542,0.885714285714,312,-0.208726637339879,0.926829268293,344,-0.313009989149459,-35.18125,0.795,0.87826087
57400544,0.458333333333,13,-0.47704255781622,0.849315068493,229,-0.489585396629919,-9.77625,0.90625,0.87037037
57400545,0.808219178082,111,-0.31228903908272,0.897727272726999,245,-0.5055667298649,-8.1975,0.908273381,0.873873874
57401572,0.860465116279,256,-0.252121752488549,0.875,149,-0.474489756208909,-73.315,0.806060606,0.893129771
57401573,0.918604651163,344,-0.176225262218459,0.904255319149,274,-0.39507244906883,-6.75,0.918789809,0.897810219
57401574,0.816901408451,137,-0.29463301124705,0.83950617284,61,-0.62137282423351,-9.9075,0.9203125,0.9
57401575,0.863636363636,265,-0.24853877092633,0.865979381443,118,-0.53877737202208,-9.4425,0.932894737,0.91954023
57403316,0.883720930233,305,-0.229368115411889,0.822222222222,135,-0.591857298799279,-42.36625,0.913851351,0.888
57403317,0.850574712644,236,-0.273576937367849,0.888888888889,205,-0.48205312773467,-65.995,0.918269231,0.897058824
57403318,0.714285714286,22,-0.36150045626642,0.837209302326,189,-0.5465475828721,-6.76375,0.919811321,0.899280576
57403319,0.786516853933,67,-0.29733742303785,0.88679245283,199,-0.48557227785668,-4.72875,0.925,0.908496732
57403320,0.833333333333,192,-0.2456167250127,0.9125,341,-0.3804031910294,-7.06125,0.929945055,0.915151515
70682205,0.880434782609,295,-0.227041129678029,0.892156862745,268,-0.525760725279049,-4.5,0.936567164,0.92513369
70696859,0.881720430108,298,-0.229058766900419,0.882352941175999,181,-0.54598061411125,-6.06375,0.936881188,0.925531915
